r.squared,adj.r.squared,sigma,statistic,p.value,df,nobs
0.34677838082529033,0.34652407511328875,41.97443279987753,1363.6279661041483,0,17,43685
